<?xml version='1.0' encoding='utf-8'?>
<!DOCTYPE hibernate-configuration PUBLIC
        "-//Hibernate/Hibernate Configuration DTD//EN"
        "http://www.hibernate.org/dtd/hibernate-configuration-3.0.dtd">
<hibernate-configuration>
    <session-factory>

        <property name="connection.url">jdbc:mysql://localhost:3306/employees</property>
        <property name="connection.driver_class">com.mysql.jdbc.Driver</property>
        <property name="connection.username">udemy</property>
        <property name="connection.password"> udemy</property>
        <mapping class="model.CurrentDeptEmp"/>
        <mapping class="model.Departments"/>
        <mapping class="model.Departments_Tmp"/>
        <mapping class="model.DeptEmp"/>
        <mapping class="model.DeptEmpLatestDate"/>
        <mapping class="model.DeptManager"/>
        <mapping class="model.Employees"/>
        <mapping class="model.Salaries"/>
        <mapping class="model.Titles"/>
        <!-- DB schema will be updated if needed -->
        <!-- <property name="hbm2ddl.auto">update</property> -->
    </session-factory>
</hibernate-configuration>